subregion,country,region,period.num,period,industry,site.id,site,unit,site.unit,BP.cal.median,lithics.total,debris,cores,retouched,retouch.freq,backed,backed.freq,bonetools,bonetool.freq,portability,NISP,large.herbivore,small.herbivore,carnivore,lg.herbivore.index,elevation,distcoast.modern,distcoast.contemp,longitude,latitude,macro.retouch.freq
N Central,France,Languedoc,2,Late Pleniglacial,Middle Magdalenian,3,Abeurador,10,Abeurador 10,17940,NA,NA,NA,NA,NA,NA,NA,NA,NA,NA,0,0,0,0,NA,1863,110.13,127.32,1.6500,42.5833,NA
N Central,France,Languedoc,4,Holocene,Montclusien,3,Abeurador,5,Abeurador 5,9848,NA,NA,NA,NA,NA,NA,NA,NA,NA,NA,0,0,0,0,NA,1863,110.13,115.13,1.6500,42.5833,NA
N Central,France,Languedoc,4,Holocene,Sauveterrien,3,Abeurador,7,Abeurador 7,9848,NA,NA,NA,173,NA,79,NA,NA,NA,NA,0,0,0,0,NA,1863,110.13,115.13,1.6500,42.5833,NA
N Central,France,Languedoc,3,End Glacial,Azilien,3,Abeurador,8,Abeurador 8,12242,NA,NA,NA,167,NA,95,NA,NA,NA,NA,0,0,0,0,NA,1863,110.13,121.50,1.6500,42.5833,NA
Southwest,Spain,Southwest,3,Late Pleniglacial,Epipaleolithic,122,Algarrobo,2-3,Algarrobo 2-3,NA,2823,NA,NA,152,0.054,53,0.019,4,0.001,0.375,NA,NA,NA,NA,NA,314,7.73,10.08,-1.2875,37.6375,0.035
Southwest,Spain,S&E Spain,1,LGM,Solutrean,73,Ambrosio,IV,Ambrosio IV,25788,9390,NA,NA,504,0.054,132,0.014,34,0.004,0.329,316,305,2110,11,0.126,969,64.14,68.89,-2.0991,37.8222,0.040
Northeast,Italy,NW Italy,3,End Glacial,Late epigravettian,51,Arene Candide,M1,Arene Candide M1,11577,NA,NA,NA,NA,NA,NA,NA,NA,NA,NA,927,502,59,127,0.895,103,0.38,1.49,8.3264,44.1618,NA
Northeast,Italy,NW Italy,3,End Glacial,Late epigravettian,51,Arene Candide,M2,Arene Candide M2,12746,NA,NA,NA,NA,NA,NA,NA,NA,NA,NA,1915,1280,84,128,0.938,103,0.38,1.49,8.3264,44.1618,NA
Northeast,Italy,NW Italy,3,End Glacial,Late epigravettian,51,Arene Candide,M3,Arene Candide M3,13624,NA,NA,NA,NA,NA,NA,NA,NA,NA,NA,1623,1095,100,72,0.916,103,0.38,1.49,8.3264,44.1618,NA
Northeast,Italy,NW Italy,3,End Glacial,Late epigravettian,51,Arene Candide,M4,Arene Candide M4,13624,NA,NA,NA,NA,NA,NA,NA,NA,NA,NA,822,594,38,41,0.940,103,0.38,1.49,8.3264,44.1618,NA
Northeast,Italy,NW Italy,3,End Glacial,Late epigravettian,51,Arene Candide,M5,Arene Candide M5,NA,NA,NA,NA,NA,NA,NA,NA,NA,NA,NA,1451,655,110,72,0.856,103,0.38,1.49,8.3264,44.1618,NA
Northeast,Italy,NW Italy,1,LGM,Upper Paleolithic,51,Arene Candide,P1,Arene Candide P1,20323,61,40,0,21,0.344,9,0.148,NA,NA,NA,160,48,45,25,0.516,103,0.38,1.85,8.3264,44.1618,0.197
Northeast,Italy,NW Italy,1,LGM,Upper Paleolithic,51,Arene Candide,P10,Arene Candide P10,NA,21,15,0,6,0.286,1,0.048,NA,NA,NA,131,39,7,26,0.848,103,0.38,1.85,8.3264,44.1618,0.238
Northeast,Italy,NW Italy,1,LGM,Upper Paleolithic,51,Arene Candide,P11,Arene Candide P11,NA,NA,NA,NA,NA,NA,NA,NA,NA,NA,NA,80,14,1,31,0.933,103,0.38,1.85,8.3264,44.1618,NA
Northeast,Italy,NW Italy,1,LGM,Upper Paleolithic,51,Arene Candide,P12,Arene Candide P12,27676,5,3,0,2,0.400,0,0.000,NA,NA,NA,91,13,1,9,0.929,103,0.38,1.85,8.3264,44.1618,0.400
Northeast,Italy,NW Italy,1,LGM,Upper Paleolithic,51,Arene Candide,P2,Arene Candide P2,NA,72,47,0,25,0.347,11,0.153,NA,NA,NA,102,39,28,13,0.582,103,0.38,1.85,8.3264,44.1618,0.194
Northeast,Italy,NW Italy,1,LGM,Upper Paleolithic,51,Arene Candide,P3,Arene Candide P3,22868,69,54,0,15,0.217,8,0.116,NA,NA,NA,156,86,28,12,0.754,103,0.38,1.85,8.3264,44.1618,0.101
Northeast,Italy,NW Italy,1,LGM,Upper Paleolithic,51,Arene Candide,P4,Arene Candide P4,22740,523,439,0,84,0.161,56,0.107,NA,NA,NA,465,218,62,41,0.779,103,0.38,1.85,8.3264,44.1618,0.054
Northeast,Italy,NW Italy,1,LGM,Upper Paleolithic,51,Arene Candide,P5,Arene Candide P5,NA,306,258,1,47,0.154,19,0.062,NA,NA,NA,424,187,26,24,0.878,103,0.38,1.85,8.3264,44.1618,0.092
Northeast,Italy,NW Italy,1,LGM,Upper Paleolithic,51,Arene Candide,P6,Arene Candide P6,NA,138,91,0,47,0.341,24,0.174,NA,NA,NA,104,43,23,22,0.652,103,0.38,1.85,8.3264,44.1618,0.167
Northeast,Italy,NW Italy,1,LGM,Upper Paleolithic,51,Arene Candide,P7,Arene Candide P7,23346,2113,1626,3,484,0.229,230,0.109,NA,NA,NA,399,189,50,116,0.791,103,0.38,1.85,8.3264,44.1618,0.120
Northeast,Italy,NW Italy,1,LGM,Upper Paleolithic,51,Arene Candide,P8,Arene Candide P8,23580,101,80,0,21,0.208,14,0.139,NA,NA,NA,103,42,10,17,0.808,103,0.38,1.85,8.3264,44.1618,0.069
Northeast,Italy,NW Italy,1,LGM,Upper Paleolithic,51,Arene Candide,P9,Arene Candide P9,24638,73,50,1,22,0.301,9,0.123,NA,NA,NA,359,56,39,146,0.589,103,0.38,1.85,8.3264,44.1618,0.178
Northeast,Italy,NE Italy,4,Holocene,Mesolithic,108,Azzurra di Samatorza,Excavation 1982,Azzurra di Samatorze 1982,NA,16242,13720,380,2132,0.131,95,0.006,NA,NA,NA,NA,NA,NA,NA,NA,257,4.30,5.03,13.7171,45.7604,NA
Southwest,Spain,S&E Spain,1,LGM,Final Solutrean,123,Bajondillo ,Bj 6-6-7-8,Bajondillo  6-7-8,NA,1420,813,17,68,0.048,12,0.008,NA,NA,NA,NA,NA,NA,NA,NA,156,1.13,4.51,-3.8451,36.7623,0.039
Southwest,Spain,S&E Spain,1,LGM,Gravettian,123,Bajondillo 10,Bj 10,Bajondillo 10,NA,774,483,1,30,0.039,8,0.010,NA,NA,NA,NA,NA,NA,NA,NA,156,1.13,4.51,-3.8451,36.7623,0.028
N Central,Spain,NE Spain,3,End Glacial,Microbladelet Epipaleolithic,69,Balma del Gai,,Balma del Gai,11942,5545,NA,NA,343,0.062,165,0.030,NA,NA,NA,NA,NA,NA,NA,NA,802,43.09,47.75,2.0947,41.8299,0.032
N Central,Andorra,Andorra,3,End Glacial,Azilian,1,Balma Margineda,10,Balma Margineda 10,13726,781,738,NA,43,0.055,22,0.028,NA,NA,NA,NA,NA,NA,NA,NA,924,126.42,133.42,1.4921,42.4650,0.027
N Central,Andorra,Andorra,3,End Glacial,NA,1,Balma Margineda,5/6,Balma Margineda 5/6,10056,NA,NA,NA,NA,NA,NA,NA,NA,NA,NA,1336,1324,0,12,1.000,924,126.42,133.42,1.4921,42.4650,NA
N Central,Andorra,Andorra,3,End Glacial,Sauveterien,1,Balma Margineda,6,Balma Margineda 6,10446,7217,6741,NA,476,0.066,406,0.056,NA,NA,NA,239,236,0,3,1.000,924,126.42,133.42,1.4921,42.4650,NA
N Central,Andorra,Andorra,3,End Glacial,Azilian,1,Balma Margineda,7,Balma Margineda 7,12508,3386,3092,NA,294,0.087,114,0.034,NA,NA,NA,1203,1196,0,7,1.000,924,126.42,133.42,1.4921,42.4650,0.053
N Central,Andorra,Andorra,3,End Glacial,Azilian,1,Balma Margineda,8,Balma Margineda 8,13148,5315,4881,NA,434,0.082,238,0.045,7,0.001,0.565,295,295,0,0,1.000,924,126.42,133.42,1.4921,42.4650,0.037
N Central,Andorra,Andorra,3,End Glacial,Azilian,1,Balma Margineda,9,Balma Margineda 9,13392,80,66,NA,14,0.175,6,0.075,NA,NA,NA,1486,1485,0,1,1.000,924,126.42,133.42,1.4921,42.4650,0.100
Southwest,Spain,S&E Spain,4,Holocene,Mesolithic,76,Benamer,Excavación 2009,Benamer Excavación 2009,8290,10425,277,NA,437,0.042,107,0.010,0,0.000,0.011,96,92,4,0,0.958,354,31.56,34.01,-0.4114,38.7852,0.032
Southwest,Spain,S&E Spain,1,LGM,Solutrean,75,Beneito,B1-5,Beneito B1-5,20104,5000,NA,NA,226,0.045,128,0.026,13,0.003,0.624,2894,411,2459,23,0.143,580,34.41,56.43,-0.4660,38.7981,0.020
N Central,France,Languedoc,3,End Glacial,Azilian,12,Bize,4,Bize 4,NA,NA,NA,NA,NA,NA,NA,NA,22,NA,NA,NA,NA,NA,NA,NA,212,26.77,45.59,2.8833,43.3167,NA
N Central,France,Languedoc,2,Late Pleniglacial,Magdalenian/Badegoulian,12,Bize,5,Bize 5,NA,404,121,11,283,0.700,3,0.007,21,0.052,0.085,NA,NA,NA,NA,NA,212,26.77,57.52,2.8833,43.3167,0.693
N Central,France,Languedoc,1,LGM,Solutrean,12,Bize,6,Bize 6,NA,445,324,11,121,0.272,14,0.031,29,0.065,0.355,NA,NA,NA,NA,NA,212,26.77,78.76,2.8833,43.3167,0.240
Southwest,Spain,S&E Spain,2,Late Pleniglacial,Magdalenian,80,Blaus,V,Blaus V,NA,5874,NA,NA,1144,0.195,166,0.028,69,0.012,0.205,NA,NA,NA,NA,NA,102,7.53,30.40,-0.2016,39.8415,0.166
N Central,France,Languedoc,1,LGM,Middle Magdalenian,14,Bois des Brousses,1A,Bois des Brousses 1A,19112,NA,NA,NA,NA,NA,NA,NA,NA,NA,NA,430,5,9,1,0.357,66,30.78,85.85,3.5833,43.6833,NA
N Central,France,Languedoc,1,LGM,Middle Magdalenian,14,Bois des Brousses,2B,Bois des Brousses 2B,19347,907,838,0,69,0.076,49,0.054,5,0.006,0.783,1230,3,16,1,0.158,66,30.78,85.85,3.5833,43.6833,0.022
N Central,Spain,NE Spain,4,Holocene,Mesolithic,85,Botiqueria de los Moros,"level 2, phase A","Botiqueria de los Moros level 2, phase A",8392,5805,2007,NA,292,0.050,106,0.018,NA,NA,NA,81,4,3,0,0.571,261,54.15,56.09,0.1886,41.1003,0.032
N Central,Spain,NE Spain,4,Holocene,Mesolithic,85,Botiqueria de los Moros,"level 4, phase B","Botiqueria de los Moros level 4, phase B",7699,1520,496,NA,106,0.070,39,0.026,NA,NA,NA,98,3,6,0,0.333,261,54.15,56.09,0.1886,41.1003,0.044
Southwest,Spain,Southwest,3,End Glacial,Epipaleolithic,124,Caballo,4-2,Caballo 4-2,12426,421,NA,NA,66,0.157,12,0.029,3 ,0.007,0.227,816,217,473,1,0.314,136,0.55,1.13,-1.1667,37.5500,0.128
Northeast,Italy,N Italy,4,Holocene,Recent Mesolithic (Castelnoviano),86,Cabriolini,,Cabriolini,NA,331,148,1,14,0.042,NA,NA,NA,0.000,NA,NA,NA,NA,NA,NA,685,43.32,43.87,9.6838,44.6114,NA
Southeast,Italy,S Italy,1,LGM,Early Gravettian,54,Cala,1d,Cala 1d,NA,634,539,7,88,0.139,42,0.066,NA,NA,NA,NA,151,5,2,0.968,14,0.03,3.66,15.3811,40.0006,0.073
Southeast,Italy,S Italy,1,LGM,Early Gravettian,54,Cala,1m,Cala 1m,30373,888,730,6,152,0.171,96,0.108,NA,NA,NA,NA,232,14,0,0.943,14,0.03,3.66,15.3811,40.0006,0.063
Southeast,Italy,S Italy,1,LGM,Early Gravettian,54,Cala,2,Cala 2,NA,1412,1183,14,215,0.152,124,0.088,NA,NA,NA,NA,367,6,2,0.984,14,0.03,3.66,15.3811,40.0006,0.064
Southeast,Italy,S Italy,1,LGM,Early Gravettian,54,Cala,3d,Cala 3d,30770,457,399,8,50,0.109,13,0.028,NA,NA,NA,NA,551,1,7,0.998,14,0.03,3.66,15.3811,40.0006,0.081
Southeast,Italy,S Italy,1,LGM,Early Gravettian,54,Cala,3dm,Cala 3dm,NA,367,307,6,54,0.147,15,0.041,NA,NA,NA,NA,NA,NA,NA,NA,14,0.03,3.66,15.3811,40.0006,0.106
Southeast,Italy,S Italy,1,LGM,Early Gravettian,54,Cala,3m,Cala 3m,NA,307,253,3,51,0.166,10,0.033,NA,NA,NA,NA,147,2,1,0.987,14,0.03,3.66,15.3811,40.0006,0.134
N Central,Spain,NE Spain,3,End Glacial,Microbladelet Epipaleolithic,67,Can Sadurní,,Can Sadurní,12398,2567,NA,NA,295,0.115,80,0.031,NA,NA,NA,NA,NA,NA,NA,NA,20,0.64,6.61,1.6976,41.2128,0.084
N Central,France,Languedoc,2,Late Pleniglacial,Middle Magdalenian,4,Canecaude II,2,Canecaude II 2,17240,5192,4805,53,387,0.075,208,0.040,144,0.028,0.910,6093,5799,131,163,0.978,203,101.77,133.85,1.8300,43.3500,0.034
N Central,France,Languedoc,2,Late Pleniglacial,Upper Final Magdalenian,6,Cauna Belvis,1,Cauna Belvis 1,NA,347,258,2,89,0.256,57,0.164,2,0.006,0.663,114,106,5,3,0.955,966,70.97,95.91,2.0833,42.8500,0.092
N Central,France,Languedoc,2,Late Pleniglacial,Upper Final Magdalenian,6,Cauna Belvis,2,Cauna Belvis 2,14410,1174,970,5,204,0.174,145,0.124,10,0.009,0.760,381,364,14,3,0.963,966,70.97,95.91,2.0833,42.8500,0.050
N Central,France,Languedoc,2,Late Pleniglacial,Upper Final Magdalenian,6,Cauna Belvis,3,Cauna Belvis 3,15648,3480,3016,16,464,0.133,343,0.099,43,0.012,0.832,795,730,52,13,0.934,966,70.97,95.91,2.0833,42.8500,0.035
N Central,France,Languedoc,2,Late Pleniglacial,Upper Final Magdalenian,6,Cauna Belvis,4,Cauna Belvis 4,14512,318,225,0,93,0.292,68,0.214,6,0.019,0.796,104,91,12,1,0.883,966,70.97,95.91,2.0833,42.8500,0.079
Northeast,Italy,N Italy,4,Holocene,Recent Mesolithic (Castelnoviano),87,Cave Safra,,Cave Safra,NA,229,164,21,28,0.122,1,NA,NA,0.000,NA,NA,NA,NA,NA,NA,57,65.55,76.08,11.4588,44.4479,NA
Southwest,Spain,S&E Spain,2,Late Pleniglacial,Magdalenian,81,Cendres,sondeo,Cendres sondeo,16739,2500,3997,NA,405,0.162,287,0.115,28,0.011,0.778,5349,1032,4265,47,0.195,63,0.16,15.27,0.1522,38.6859,0.047
Southwest,Spain,S&E Spain,1,LGM,Solutrean,81,Cendres,sondeo y sector,Cendres sondeo y sector,22885,2194,3373,NA,367,0.167,34,0.015,19,0.009,0.144,7902,NA,6975,NA,NA,63,0.16,19.75,0.1522,38.6859,0.152
N Central,France,Provence,4,Holocene,Mesolithic,32,Charasse 2,4-3,Charasse 2 4-3,NA,NA,NA,NA,NA,NA,NA,NA,NA,NA,NA,4,2,0,1,1.000,289,87.50,92.65,5.1380,44.2176,NA
N Central,France,Provence,4,Holocene,Mesolithic,40,Châteauneuf-les-Martigues,8-7,Châteauneuf-les-Martigues 8-7,8306,NA,NA,NA,NA,NA,NA,NA,NA,NA,NA,3555,77,NA,3,NA,48,2.16,3.77,5.4000,43.3000,NA
N Central,France,Languedoc,3,End Glacial,Epipaleolithic,16,Chazelles,,Chazelles,10770,NA,NA,NA,NA,NA,NA,NA,NA,NA,NA,7926,5,215,3,0.020,171,84.54,104.23,4.2180,44.3160,NA
N Central,France,Provence,3,End Glacial,Epipaleolithic,30,Chinchon 1,10-9,Chinchon 1 10-9,NA,NA,NA,NA,NA,NA,NA,NA,NA,NA,NA,7,4,0,0,1.000,155,56.08,66.79,5.1000,43.9300,NA
N Central,France,Provence,2,Late Pleniglacial,Upper Magdalenian,30,Chinchon 1,12-11,Chinchon 1 12-11,NA,NA,NA,NA,NA,NA,NA,NA,NA,NA,NA,90,7,3,1,0.700,155,56.08,71.94,5.1000,43.9300,NA
N Central,France,Provence,2,Late Pleniglacial,Upper Magdalenian,30,Chinchon 1,13,Chinchon 1 13,NA,NA,NA,NA,NA,NA,NA,NA,NA,NA,NA,27,4,0,1,1.000,155,56.08,71.94,5.1000,43.9300,NA
N Central,France,Provence,2,Late Pleniglacial,Tardigravettian,30,Chinchon 1,16-15,Chinchon 1 16-15,14314,NA,NA,NA,NA,NA,NA,NA,NA,NA,NA,596,13,4,1,0.765,155,56.08,71.94,5.1000,43.9300,NA
N Central,France,Provence,2,Late Pleniglacial,Tardigravettian,30,Chinchon 1,17,Chinchon 1 17,NA,NA,NA,NA,NA,NA,NA,NA,NA,NA,NA,107,4,2,0,0.667,155,56.08,71.94,5.1000,43.9300,NA
N Central,France,Provence,2,Late Pleniglacial,Tardigravettian,30,Chinchon 1,18,Chinchon 1 18,NA,NA,NA,NA,NA,NA,NA,NA,NA,NA,NA,237,2,5,0,0.286,155,56.08,71.94,5.1000,43.9300,NA
N Central,France,Provence,4,Holocene,Mesolithic,31,Chinchon 2,,Chinchon 2,NA,NA,NA,NA,NA,NA,NA,NA,NA,NA,NA,40,7,7,1,0.500,155,56.08,60.67,5.1000,43.9300,NA
Southwest,Spain,NE Spain,3,End Glacial,Magdalenian,57,Cingle de L´Aigua,Excavación Román 2010,Cingle de L´Aigua Excavación Román 2010,12384,2898,2714,NA,419,0.145,163,0.056,0,0.000,0.389,NA,NA,NA,NA,NA,735,26.58,68.55,0.1645,40.5414,0.088
N Central,Spain,NE Spain,3,End Glacial,Microbladelet Epipaleolithic,58,Clot de l'Hospital,,Clot de l'Hospital,11604,470,NA,NA,116,0.247,13,0.028,0,0.000,0.112,NA,NA,NA,NA,NA,13,17.04,31.14,0.5009,40.8199,0.219
Northeast,Italy,NE Italy,2,Late Pleniglacial,Epigravettian,46,Clusantin,4,Clusantin 4,15684,1853,1444,12,397,0.214,NA,NA,NA,NA,NA,27160,44,471,4,0.085,655,59.92,150.92,12.9422,46.2941,NA
N Central,France,Languedoc,3,End Glacial,Epipaleolithic,18,Colombier II,A-B,Colombier II A-B,12884,685,415,4,270,0.394,215,0.314,NA,NA,NA,70,18,1,0,0.947,227,90.99,110.68,4.3973,44.3485,0.080
N Central,France,Languedoc,3,End Glacial,Epipaleolithic,18,Colombier II,C,Colombier II C,13062,427,358,11,69,0.162,32,0.075,NA,NA,NA,1649,12,NA,0,NA,227,90.99,110.68,4.3973,44.3485,0.087
N Central,France,Languedoc,2,Late Pleniglacial,Upper Magdalenian/ Upper Salpetrian,18,Colombier II,D,Colombier II D,15903,NA,NA,NA,NA,NA,NA,NA,NA,NA,NA,66,4,NA,0,NA,227,90.99,121.13,4.3973,44.3485,NA
N Central,France,Languedoc,2,Late Pleniglacial,Upper Final Magdalenian,21,Colombier,UP I,Colombier UP I,15903,3206,2813,19,393,0.123,238,0.074,10,0.003,0.631,NA,NA,NA,NA,NA,283,89.86,118.32,4.4999,44.3124,0.048
N Central,France,Languedoc,2,Late Pleniglacial,Upper Final Magdalenian,21,Colombier,UP II,Colombier UP II,NA,568,468,13,100,0.176,35,0.062,2,0.004,0.370,NA,NA,NA,NA,NA,283,89.86,118.32,4.4999,44.3124,0.114
N Central,France,Languedoc,2,Late Pleniglacial,Upper Final Magdalenian,21,Colombier,UP IV,Colombier UP IV,NA,614,516,3,98,0.160,59,0.096,NA,NA,NA,NA,NA,NA,NA,NA,283,89.86,118.32,4.4999,44.3124,0.064
N Central,France,Languedoc,2,Late Pleniglacial,Upper Final Magdalenian,21,Colombier,UP VI,Colombier UP VI,14302,1678,1214,29,464,0.277,196,0.117,NA,NA,NA,NA,NA,NA,NA,NA,283,89.86,118.32,4.4999,44.3124,0.160
N Central,France,Provence,3,End Glacial,Epipaleolithic,35,Combe-Buisson,4-3,Combe-Buisson 4-3,NA,NA,NA,NA,NA,NA,NA,NA,NA,NA,NA,14,6,NA,2,NA,552,47.68,51.96,5.2600,43.8100,NA
N Central,France,Provence,2,Late Pleniglacial,Upper Magdalenian,36,Combette,2,Combette 2,NA,NA,NA,NA,NA,NA,NA,NA,NA,NA,NA,15,2,1,0,0.667,299,47.97,59.83,5.3358,43.7935,NA
N Central,France,Provence,2,Late Pleniglacial,Upper Magdalenian,36,Combette,3,Combette 3,NA,NA,NA,NA,NA,NA,NA,NA,NA,NA,NA,19,2,2,0,0.500,299,47.97,59.83,5.3358,43.7935,NA
Northeast,Italy,N Italy,4,Holocene,Recent Mesolithic (Castelnoviano),88,Corni Piccoli,,Corni Piccoli,NA,183,158,3,10,0.055,NA,NA,NA,0.000,NA,NA,NA,NA,NA,NA,1376,39.77,43.38,10.4423,44.2770,NA
N Central,France,Provence,3,End Glacial,Epipaleolithic,27,Cornille,10 inf.,Cornille 10 inf.,12136,NA,NA,NA,661,NA,340,NA,NA,NA,NA,43,40,0,0,1.000,33,12.54,23.65,4.9600,43.5449,NA
N Central,France,Provence,3,End Glacial,Epipaleolithic,27,Cornille,10 sup.,Cornille 10 sup.,12491,NA,NA,NA,612,NA,285,NA,NA,NA,NA,33,31,0,0,1.000,33,12.54,23.65,4.9600,43.5449,NA
N Central,France,Provence,3,End Glacial,Epipaleolithic,27,Cornille,11,Cornille 11,NA,NA,NA,NA,NA,NA,NA,NA,NA,NA,NA,12,12,0,0,1.000,33,12.54,23.65,4.9600,43.5449,NA
N Central,France,Provence,3,End Glacial,Upper Magdalenian,27,Cornille,12,Cornille 12,12714,1544,1395,30,126,0.082,41,0.027,NA,NA,NA,19,5,NA,0,NA,33,12.54,23.65,4.9600,43.5449,0.055
N Central,France,Provence,4,Holocene,Mesolithic,27,Cornille,6,Cornille 6,7876,NA,NA,NA,350,NA,111,NA,NA,NA,NA,67,67,0,0,1.000,33,12.54,16.68,4.9600,43.5449,NA
N Central,France,Provence,3,End Glacial,Epipaleolithic,27,Cornille,9,Cornille 9,11796,NA,NA,NA,337,NA,197,NA,NA,NA,NA,19,19,0,0,1.000,33,12.54,23.65,4.9600,43.5449,NA
N Central,France,Provence,2,Late Pleniglacial,Upper Final Magdalenian,25,Deux Avens,,Deux Avens,14826,374,328,3,46,0.123,9,0.024,NA,NA,NA,NA,NA,NA,NA,NA,185,100.76,131.04,4.3620,44.4458,0.099
N Central,France,Languedoc,4,Holocene,NA,5,Dourgne,9,Dourgne 9,9676,NA,NA,NA,NA,NA,NA,NA,NA,NA,NA,190,171,0,19,1.000,189,92.10,99.30,2.0522,43.5115,NA
N Central,France,Provence,2,Late Pleniglacial,Upper Final Magdalenian,26,Ebbou,C1,Ebbou C1,15328,313,260,5,53,0.169,15,0.048,NA,NA,NA,NA,NA,NA,NA,NA,104,95.14,125.26,4.4167,44.3833,0.121
Southwest,Spain,S&E Spain,2,Late Pleniglacial,Magdalenian,71,El Pirulejo   ,4,El Pirulejo 4,17336,7562,2030,NA,253,0.033,85,0.011,10,0.001,0.375,6428,247,6175,6,0.038,568,76.79,82.17,-4.1838,37.4342,0.022
Southwest,Spain,S&E Spain,2,Late Pleniglacial,Magdalenian,71,El Pirulejo,4-Mar,El Pirulejo 4-Mar,NA,10527,4791,NA,393,0.037,162,0.015,10,0.001,0.438,11274,389,10875,10,0.035,568,76.79,82.17,-4.1838,37.4342,0.022
Southwest,Spain,S&E Spain,1,Late Pleniglacial,Upper solutrean,71,El Pirulejo   ,5,El Pirulejo 5,NA,701,339,NA,30,0.043,16,0.023,1,0.001,0.567,225,21,204,0,0.093,568,76.79,82.69,-4.1838,37.4342,0.020
N Central,Spain,NE Spain,2,Late Pleniglacial,Upper Final Paleolithic (Magdalenian),59,Els Colls,rank1,Els Colls rank1,14246,1562,NA,NA,65,0.042,18,0.012,NA,NA,NA,NA,NA,NA,NA,NA,381,33.65,50.07,0.7534,41.2849,0.030
N Central,Spain,NE Spain,3,End Glacial,Microbladelet Epipaleolithic,59,Els Colls,rank2,Els Colls rank2,12877,9179,NA,NA,279,0.030,141,0.015,NA,NA,NA,NA,NA,NA,NA,NA,381,33.65,37.39,0.7534,41.2849,0.015
N Central,France,Languedoc,1,LGM,Upper Solutrean,7,Embulla,C1,Embulla C1,19977,724,627,15,97,0.134,6,0.008,4,0.006,0.103,0,0,0,0,NA,557,53.48,74.65,2.3833,42.5667,0.126
Southwest,Spain,S&E Spain,4,Holocene,Mesolithic,74,Falguera,VII-VIII,Falguera VII-VIII,8315,721,489,NA,37,0.051,12,0.017,0,0.000,0.324,232,18,213,1,0.078,826,30.37,31.12,-0.5665,38.6727,0.035
Northeast,Italy,NW Italy,3,End Glacial,Final Epigravettian,49,Fanciulli,1,Fanciulli 1,13008,1092,841,NA,251,0.230,NA,NA,NA,NA,NA,NA,NA,NA,NA,NA,20,0.04,1.39,7.5356,43.7833,NA
Northeast,Italy,NW Italy,2,Late Pleniglacial,Evolved Epigravettian,49,Fanciulli,4,Fanciulli 4,18897,891,597,NA,294,0.330,NA,NA,NA,NA,NA,NA,NA,NA,NA,NA,20,0.04,3.36,7.5356,43.7833,NA
Northeast,Italy,NW Italy,1,LGM,Early Epigravettian,49,Fanciulli,5,Fanciulli 5,NA,1002,780,NA,222,0.222,NA,NA,NA,NA,NA,NA,NA,NA,NA,NA,20,0.04,4.73,7.5356,43.7833,NA
Northeast,Italy,N Italy,4,Holocene,Mesolithic (Castelnovian/Sauveterrian),115,Farfarà,,Farfarà,NA,1167,1101,19,66,0.057,1,NA,NA,0.000,NA,NA,NA,NA,NA,NA,730,32.02,32.42,9.8179,44.4194,NA
N Central,Spain,NE Spain,3,End Glacial,Microbladelet Epipaleolithic,60,Filador,rank1,Filador rank1,12892,7327,NA,NA,209,0.029,153,0.021,NA,NA,NA,NA,NA,NA,NA,NA,381,33.65,37.39,0.7534,41.2849,0.008
N Central,Spain,NE Spain,3,End Glacial,Microbladelet sauveterroide?,60,Filador,rank2,Filador rank2,11628,6067,NA,NA,388,0.064,329,0.054,NA,NA,NA,NA,NA,NA,NA,NA,381,33.65,37.39,0.7534,41.2849,0.010
N Central,Spain,NE Spain,3,End Glacial,Microbladelet sauveterroide,60,Filador,rank3,Filador rank3,11612,469,NA,NA,39,0.083,385,0.821,NA,NA,NA,NA,NA,NA,NA,NA,381,33.65,37.39,0.7534,41.2849,0.083
N Central,Spain,NE Spain,3,End Glacial,Microbladelet sauveterroide,60,Filador,rank4,Filador rank4,11328,16768,NA,NA,886,0.053,732,0.044,NA,NA,NA,NA,NA,NA,NA,NA,381,33.65,37.39,0.7534,41.2849,0.009
N Central,Spain,NE Spain,3,End Glacial,Epigravettian,63,Font Voltada,,Font Voltada,12654,NA,NA,NA,632,NA,177,NA,NA,NA,NA,NA,NA,NA,NA,NA,605,35.97,39.16,1.2960,41.4632,NA
N Central,France,Languedoc,3,End Glacial,Epipaleolithic,15,Fontaine du Pila,,Fontaine du Pila,NA,NA,NA,NA,NA,NA,NA,NA,NA,NA,NA,2215,7,41,0,0.146,29,10.56,25.58,3.8814,43.6146,NA
N Central,France,Provence,3,End Glacial,Epipaleolithic,37,Gauthier,,Gauthier,NA,NA,NA,NA,NA,NA,NA,NA,NA,NA,NA,171,3,13,4,0.188,683,80.38,83.66,5.3789,44.0920,NA
N Central,France,Languedoc,3,End Glacial,Azilian,8,Gazel,3,Gazel 3,NA,1641,1559,39,82,0.050,39,0.024,2,0.001,0.500,0,0,0,0,NA,198,56.36,76.65,2.3960,43.2920,0.026
N Central,France,Languedoc,4,Holocene,Azilian,8,Gazel,4,Gazel 4,9849,3268,3131,60,137,0.042,58,0.018,1,0.000,0.431,0,0,0,0,NA,198,56.36,63.49,2.3960,43.2920,0.024
N Central,France,Languedoc,3,End Glacial,Epi-Magdalenian,8,Gazel,5,Gazel 5,11695,1877,1710,36,167,0.089,96,0.051,NA,NA,NA,0,0,0,0,NA,198,56.36,76.65,2.3960,43.2920,0.038
N Central,France,Languedoc,3,End Glacial,Epi-Magdalenian,8,Gazel,6,Gazel 6,12510,3428,3147,32,281,0.082,172,0.050,NA,NA,NA,NA,NA,NA,NA,NA,198,56.36,76.65,2.3960,43.2920,0.032
N Central,France,Languedoc,2,Late Pleniglacial,Middle Magdalenian,8,Gazel,7,Gazel 7,17295,3388,3039,54,349,0.103,167,0.049,80,0.024,0.708,14867,7360,7479,28,0.496,198,56.36,89.36,2.3960,43.2920,0.054
N Central,France,Languedoc,2,Late Pleniglacial,Middle Magdalenian,8,Gazel,8,Gazel 8,18264,NA,NA,NA,NA,NA,NA,NA,NA,NA,NA,1468,685,762,21,0.473,198,56.36,89.36,2.3960,43.2920,NA
Northeast,Italy,N Italy,4,Holocene,Recent Mesolithic (Castelnoviano),89,Gazzaro,,Gazzaro,NA,60,47,3,10,0.167,NA,NA,NA,0.000,NA,55,51,0,4,1.000,67,82.98,84.36,10.4346,44.7367,NA
N Central,France,Provence,4,Holocene,Mesolithic,34,Gramari,3a1,Gramari 3a1,8689,NA,NA,NA,NA,NA,NA,NA,NA,NA,NA,47,5,0,0,1.000,343,67.86,71.64,5.2200,44.0100,NA
N Central,France,Provence,4,Holocene,Mesolithic,34,Gramari,3a3,Gramari 3a3,NA,NA,NA,NA,NA,NA,NA,NA,NA,NA,NA,15,4,0,0,1.000,343,67.86,71.64,5.2200,44.0100,NA
N Central,France,Provence,4,Holocene,Mesolithic,34,Gramari,3b1,Gramari 3b1,8866,NA,NA,NA,NA,NA,NA,NA,NA,NA,NA,50,9,0,2,1.000,343,67.86,71.64,5.2200,44.0100,NA
N Central,France,Provence,4,Holocene,Mesolithic,34,Gramari,3b2,Gramari 3b2,9886,NA,NA,NA,NA,NA,NA,NA,NA,NA,NA,32,6,0,1,1.000,343,67.86,71.64,5.2200,44.0100,NA
N Central,France,Provence,3,End Glacial,Mesolithic,34,Gramari,3c,Gramari 3c,10570,NA,NA,NA,NA,NA,NA,NA,NA,NA,NA,120,8,0,2,1.000,343,67.86,74.30,5.2200,44.0100,NA
N Central,France,Languedoc,1,LGM,Solutrean,24,Granouly,c,Granouly c,NA,NA,NA,NA,NA,NA,NA,NA,NA,NA,NA,5,2,0,0,1.000,105,134.89,163.23,4.7689,44.6710,NA
N Central,Andorra,Andorra,4,Holocene,Sauveterien,2,Grotte 47,6,Grotte 47 6,NA,7217,6741,NA,476,0.066,406,0.056,NA,NA,NA,239,236,0,3,1.000,,,,NA,NA,0.010
N Central,Spain,NE Spain,4,Holocene,Mesolíthic,66,Guilanya,C,Guilanya C,9691,2620,2545,NA,75,0.029,2,0.001,NA,NA,NA,NA,NA,NA,NA,NA,598,79.02,79.47,1.6394,41.9919,0.028
N Central,Spain,NE Spain,3,End Glacial,Azilian,66,Guilanya,E,Guilanya E,12944,2160,2006,32,122,0.056,36,0.017,NA,NA,NA,NA,NA,NA,NA,NA,598,79.02,83.22,1.6394,41.9919,0.040
N Central,Spain,NE Spain,2,Late Pleniglacial,Azilien,66,Guilanya,K-EJ,Guilanya K-EJ,14368,220,NA,NA,67,0.305,21,0.095,NA,NA,NA,800,NA,NA,NA,NA,598,79.02,88.53,1.6394,41.9919,0.209
N Central,France,Provence,2,Late Pleniglacial,Upper Magdalenian,41,L’Adaouste,12,L’Adaouste 12,14399,NA,NA,NA,NA,NA,NA,NA,NA,NA,NA,18,4,0,0,1.000,269,39.05,49.14,5.6300,43.6300,NA
N Central,France,Provence,2,Late Pleniglacial,Upper Magdalenian,41,L’Adaouste,17,L’Adaouste 17,15028,NA,NA,NA,NA,NA,NA,NA,NA,NA,NA,60,4,0,2,1.000,269,39.05,49.14,5.6300,43.6300,NA
N Central,Spain,NE Spain,4,Holocene,Microbladelet Epipaleolithic,64,La Cativera,,La Cativera,9904,1013,NA,NA,124,0.122,65,0.064,1,0.001,0.532,NA,NA,NA,NA,NA,105,6.69,7.16,1.3363,41.1890,0.058
Southwest,Spain,S&E Spain,4,Holocene,Mesolithic,82,La Cocina,phase A,La Cocina phase A,8773,3634,487,NA,396,0.109,98,0.027,NA,NA,NA,203,177,26,NA,0.872,449,37.00,39.12,-0.7258,39.2527,0.082
Southwest,Spain,S&E Spain,4,Holocene,Mesolithic,82,La Cocina,phase B,La Cocina phase B,7852,5018,498,NA,799,0.159,179,0.036,NA,NA,NA,247,193,53,1,0.785,449,37.00,39.12,-0.7258,39.2527,0.124
N Central,Spain,NE Spain,3,End Glacial,Microbladelet Epipaleolithic,65,La Guineu,,La Guineu,11314,307,NA,NA,23,0.075,11,0.036,1,0.003,0.522,NA,NA,NA,NA,NA,543,26.43,30.70,1.5883,41.4306,0.039
N Central,France,Provence,3,End Glacial,Mesolithic,28,La Montagne,4000,La Montagne 4e3,10062,NA,NA,NA,NA,NA,NA,NA,NA,NA,NA,525,522,0,0,1.000,92,37.17,47.24,5.0778,43.7526,NA
Southwest,Spain,NE Spain,2,Late Pleniglacial,Magdalenian,55,La Roureda,Excavación Román 2010,La Roureda Excavación Román 2010,NA,3205,2006,NA,286,0.089,102,0.032,0,0.000,0.357,NA,NA,NA,NA,NA,1170,53.19,85.61,-0.3095,40.4580,0.057
N Central,France,Languedoc,2,Late Pleniglacial,Upper Final Magdalenian,10,La Teulera,,La Teulera,NA,3431,2806,57,625,0.182,238,0.069,0,0.000,0.381,0,0,0,0,NA,222,16.84,43.88,2.7500,42.8700,0.113
Northeast,Italy,N Italy,4,Holocene,Recent Mesolithic (Castelnoviano),90,Lago Baccio,,Lago Baccio,NA,250,233,4,13,0.052,1,NA,NA,0.000,NA,NA,NA,NA,NA,NA,1568,37.68,38.97,10.5897,44.1308,NA
Northeast,Italy,N Italy,4,Holocene,Recent Mesolithic,91,Lama Lite,,Lama Lite,NA,2478,1395,31,349,0.141,18,NA,NA,0.000,NA,NA,NA,NA,NA,NA,1760,36.93,40.45,10.4132,44.2609,NA
N Central,France,Languedoc,1,LGM,Magdalenian/Badegoulian,9,Lassac,Locus 1 c2,Lassac Locus 1 c2,20214,10720,10192,111,528,0.049,222,0.021,4,0.000,0.428,0,0,0,0,NA,265,54.63,107.54,2.4300,43.3100,0.029
N Central,France,Languedoc,4,Holocene,Mesolithic,17,Le Plaisir,,Le Plaisir,9837,NA,NA,NA,NA,NA,NA,NA,NA,NA,NA,3842,6,128,7,0.045,81,24.83,31.19,4.3237,43.7187,NA
N Central,France,Provence,4,Holocene,Mesolithic,39,Les Agnels,bb,Les Agnels bb,9689,NA,NA,NA,NA,NA,NA,NA,NA,NA,NA,128,1,4,0,0.200,229,57.53,58.18,5.3954,43.8764,NA
N Central,France,Provence,4,Holocene,Mesolithic,39,Les Agnels,bc,Les Agnels bc,NA,NA,NA,NA,NA,NA,NA,NA,NA,NA,NA,366,4,13,3,0.235,229,57.53,58.18,5.3954,43.8764,NA
N Central,France,Provence,4,Holocene,Mesolithic,39,Les Agnels,scb,Les Agnels scb,9090,NA,NA,NA,NA,NA,NA,NA,NA,NA,NA,917,4,26,1,0.133,229,57.53,58.18,5.3954,43.8764,NA
N Central,France,Provence,4,Holocene,Mesolithic,39,Les Agnels,sgc,Les Agnels sgc,NA,NA,NA,NA,NA,NA,NA,NA,NA,NA,NA,190,2,6,1,0.250,229,57.53,58.18,5.3954,43.8764,NA
N Central,France,Provence,4,Holocene,Mesolithic,39,Les Agnels,sgcl,Les Agnels sgcl,8951,NA,NA,NA,NA,NA,NA,NA,NA,NA,NA,209,3,6,1,0.333,229,57.53,58.18,5.3954,43.8764,NA
N Central,France,Languedoc,2,Late Pleniglacial,Middle Magdalenian,11,Les Conques,3,Les Conques 3,17150,283,233,2,50,0.177,24,0.085,6,0.021,0.600,102,101,NA,1,NA,55,12.71,34.02,2.8300,42.7600,0.092
Southeast,Italy,Central Italy,4,Holocene,Mesolithic (Sauveterriano),118,Levane-Bandella,,Levane-Bandella,NA,3441,3178,18,222,0.065,52,NA,NA,0.000,NA,NA,NA,NA,NA,NA,178,95.52,98.97,11.6606,43.5101,NA
N Central,Spain,NE Spain,4,Holocene,Mesolithic,84,Los Baños,"phaseA, 2b3 generico, 2b3inf, 2b3sup","Los Baños phase A, 2b3 generico, 2b3inf, 2b3sup",8374,806,8,NA,98,0.122,27,0.033,NA,NA,NA,591,59,42,0,0.584,586,108.06,112.92,-0.5823,41.0369,0.088
Northeast,Italy,N Italy,4,Holocene,Recent Mesolithic (Castelnoviano),92,Madonna di Campiano,,Madonna di Campiano,NA,100,80,5,15,0.150,2,NA,NA,0.000,NA,NA,NA,NA,NA,NA,180,73.28,76.53,10.7208,44.5033,NA
N Central,Spain,NE Spain,4,Holocene,Epipaleolithic attached to notches and denticulates,68,Marge del Moro,,Marge del Moro,9761,1827,NA,NA,203,0.111,74,0.041,NA,NA,NA,NA,NA,NA,NA,NA,372,7.57,8.34,1.9225,41.3309,0.071
Southwest,Spain,S&E Spain,4,Holocene,Mesolithic,83,Mas Cremat,"VI, VI","Mas Cremat VI, VI",7640,1165,NA,10,133,0.114,56,0.048,0,0.000,0.421,3920,645,28,10,0.958,1227,54.57,57.23,-0.2796,40.5065,0.066
Southwest,Spain,NE Spain,2,Late Pleniglacial,Magdalenian,56,Matutano,Pit 1  level Ia-b,Matutano Pit 1  level Ia-b,14238,6188,NA,NA,1084,0.175,83,0.013,1,0.000,0.077,4454,1147,3177,9,0.265,306,12.35,41.92,-0.0500,40.1145,0.162
Southwest,Spain,NE Spain,2,Late Pleniglacial,Magdalenian,56,Matutano,Pit 1  level II-IV,Matutano Pit 1  level II-IV,NA,7054,NA,NA,830,0.118,76,0.011,33,0.005,0.131,17306,863,16302,17,0.050,306,12.35,41.92,-0.0500,40.1145,0.107
N Central,Spain,NE Spain,2,Late Pleniglacial,Upper Magdalenian,61,Molí del Salt,rank1,Molí del Salt rank1,14680,853,NA,NA,114,0.134,55,0.064,0,0.000,0.482,NA,NA,NA,NA,NA,478,35.76,44.39,1.0534,41.4015,0.069
N Central,Spain,NE Spain,3,End Glacial,Upper Final Magdalenian,61,Molí del Salt,rank2,Molí del Salt rank2,13276,1180,NA,NA,148,0.125,46,0.039,3,0.003,0.331,NA,NA,NA,NA,NA,478,35.76,39.52,1.0534,41.4015,0.086
N Central,Spain,NE Spain,3,End Glacial,Upper Final Magdalenian,61,Molí del Salt,rank3,Molí del Salt rank3,12926,466,NA,NA,62,0.133,16,0.034,1,0.002,0.274,NA,NA,NA,NA,NA,478,35.76,39.52,1.0534,41.4015,0.099
Northeast,Italy,NE Italy,4,Holocene,Sauveterrian,109,Mondeval de Sora 1,US8,Mondeval de Sora 1 US8,NA,20000,8066,46,2601,0.130,875,NA,NA,0.000,NA,NA,NA,NA,NA,NA,1000,101.32,114.36,12.2055,46.4594,NA
Northeast,Italy,N Italy,4,Holocene,Recent Mesolithic (Castelnoviano),93,Monte Camulara,,Monte Camulara,NA,402,197,6,25,0.062,NA,NA,NA,0.000,NA,NA,NA,NA,NA,NA,1151,38.33,38.86,9.5820,44.6053,NA
Northeast,Italy,N Italy,4,Holocene,Mesolithic (Castelnovian/Sauveterrian),119,Monte Molinatico,2,Monte Molinatico 2,NA,259,223,19,36,0.139,0,NA,NA,0.000,NA,NA,NA,NA,NA,NA,1128,36.69,37.11,9.8273,44.4684,NA
Northeast,Italy,N Italy,4,Holocene,Recent Mesolithic (Castelnoviano),94,Monte Molinatico,3,Monte Molinatico 3,NA,24,12,5,7,0.292,NA,NA,NA,0.000,NA,NA,NA,NA,NA,NA,1128,36.69,37.11,9.8273,44.4684,NA
Northeast,Italy,N Italy,4,Holocene,Mesolithic (Castelnovian/Sauveterrian),119,Monte Molinatico,5,Monte Molinatico 5,NA,498,429,23,69,0.139,2,NA,NA,0.000,NA,NA,NA,NA,NA,NA,1128,36.69,37.11,9.8273,44.4684,NA
N Central,France,Provence,3,End Glacial,Mesolithic,29,Mourre-Poussiou,3,Mourre-Poussiou 3,10240,NA,NA,NA,186,NA,45,NA,NA,NA,NA,66,59,0,0,1.000,8,0.58,11.64,4.9450,43.4364,NA
N Central,France,Provence,3,End Glacial,Epipaleolithic,29,Mourre-Poussiou,4,Mourre-Poussiou 4,NA,NA,NA,NA,NA,NA,NA,NA,NA,NA,NA,11,11,0,0,1.000,8,0.58,11.64,4.9450,43.4364,NA
Southwest,Spain,S&E Spain,2,Late Pleniglacial,Magdalenian,72,Nerja,"NM16-14, ",Nerja NM16-14,14140,6356,4177,64,1017,0.160,380,0.060,26,0.004,0.399,2259,540,1708,11,0.240,156,1.13,3.77,-3.8451,36.7623,0.100
Southwest,Spain,S&E Spain,1,LGM,Solutrean A,72,Nerja,NV10-9,Nerja NV10-9,25284,655,321,NA,236,0.360,5,0.008,4,0.006,0.038,7124,2498,4611,15,0.351,156,1.13,4.51,-3.8451,36.7623,0.353
Southwest,Spain,S&E Spain,1,LGM,Gravettian,72,Nerja,NV13-11,Nerja NV13-11,28475,718,289,NA,90,0.125,3,0.004,6,0.008,0.100,1053,599,492,2,0.549,156,1.13,4.51,-3.8451,36.7623,0.121
Southwest,Spain,S&E Spain,3,End Glacial,Epi-Magdalenian,72,Nerja,NV4,Nerja NV4,11574,2551,495,NA,326,0.128,62,0.024,43,0.017,0.322,2726,991,1892,12,0.344,156,1.13,2.16,-3.8451,36.7623,0.103
Southwest,Spain,S&E Spain,2,Late Pleniglacial,Magdalenian,72,Nerja,NV7-5,Nerja NV7-5,14140,1697,609,54,206,0.121,50,0.029,61,0.036,0.539,2062,474,1578,10,0.231,156,1.13,3.77,-3.8451,36.7623,0.092
Southwest,Spain,S&E Spain,2,Late Pleniglacial,Solutrean B-C,72,Nerja,NV 8,Nerja NV8,14076,439,750,NA,219,0.499,18,0.041,10,0.023,0.128,6394,2128,4250,16,0.334,156,1.13,3.77,-3.8451,36.7623,0.458
N Central,France,Languedoc,3,End Glacial,Mesolithic,20,Oullins,7a,Oullins 7a,10996,NA,NA,NA,NA,NA,NA,NA,NA,NA,NA,431,4,10,0,0.286,258,88.00,107.31,4.4800,44.3000,NA
N Central,France,Languedoc,2,Late Pleniglacial,Upper Magdalenian/ Upper Salpetrian,20,Oullins,7b,Oullins 7b,NA,NA,NA,NA,NA,NA,NA,NA,NA,NA,NA,491,5,12,0,0.294,258,88.00,117.37,4.4800,44.3000,NA
N Central,France,Languedoc,1,LGM,Solutrean,20,Oullins,CCL1,Oullins CCL1,NA,NA,NA,NA,NA,NA,NA,NA,NA,NA,NA,58,4,NA,0,NA,258,88.00,127.02,4.4800,44.3000,NA
N Central,France,Languedoc,1,LGM,Solutrean,20,Oullins,d,Oullins d,24166,4000,NA,NA,296,0.074,58,0.015,NA,NA,NA,483,19,NA,0,NA,258,88.00,127.02,4.4800,44.3000,0.060
N Central,France,Languedoc,1,LGM,Solutrean,20,Oullins,LCR1,Oullins LCR1,NA,NA,NA,NA,NA,NA,NA,NA,NA,NA,NA,70,4,NA,0,NA,258,88.00,127.02,4.4800,44.3000,NA
Northeast,Italy,NE Italy,2,Late Pleniglacial,Epigravettian,110,Palù Echen,"6, 7","Palù Echen 6, 7",NA,1368,1139,13,86,0.063,12,NA,NA,0.000,NA,NA,NA,NA,NA,NA,1159,95.79,232.38,11.1725,45.9156,NA
Northeast,Italy,NE Italy,2,Late Pleniglacial,Epigravettian,111,Palughetto,MN,Palughetto MN,NA,1461,1256,59,146,0.100,75,NA,NA,0.000,NA,NA,NA,NA,NA,NA,526,64.83,174.33,12.3981,46.1534,NA
N Central,Spain,NE Spain,2,Late Pleniglacial,Magdalenian,62,Parco,levels XV-II,Parco levels XV-II,15800,12547,NA,NA,1127,0.090,500,0.040,39,0.003,0.478,NA,NA,NA,NA,NA,417,80.55,88.60,1.2318,41.8720,0.050
Southwest,Spain,S&E Spain,2,Late Pleniglacial,Magdalenian/Badegoulian,78,Parpalló,2.5-3.5,Parpallo 2.5-3.5,NA,45585,NA,NA,2279,0.050,75,0.002,1735,0.038,0.794,1732,1730,NA,2,NA,418,8.18,26.56,-0.2713,39.0041,0.048
Southwest,Spain,S&E Spain,1,LGM,Solutrean Upper-3,78,Parpallo,3.5-4.0,Parpallo 3.5-4.0,21748,24356,NA,NA,1636,0.067,215,0.009,251,0.010,0.285,868,868,NA,0,NA,418,8.18,29.67,-0.2713,39.0041,0.058
Southwest,Spain,S&E Spain,1,LGM,Solutrean Upper-2,78,Parpallo,4.0-4.5,Parpallo 4.0-4.5,21584,14812,NA,NA,1874,0.127,760,0.051,142,0.010,0.481,868,868,NA,0,NA,418,8.18,29.67,-0.2713,39.0041,0.075
Southwest,Spain,S&E Spain,1,LGM,Solutrean-Upper-1,78,Parpallo,4.5-5.25,Parpallo 4.5-5.25,21748,17959,NA,NA,2178,0.121,606,0.034,80,0.004,0.315,591,591,NA,0,NA,418,8.18,29.67,-0.2713,39.0041,0.088
Southwest,Spain,S&E Spain,1,LGM,Solutrean-middle,78,Parpallo,5.25-6.25,Parpallo 5.25-6.25,NA,5588,NA,NA,1073,0.192,117,0.021,79,0.014,0.183,199,198,NA,1,NA,418,8.18,29.67,-0.2713,39.0041,0.171
Southwest,Spain,S&E Spain,1,LGM,Solutrean-early,78,Parpallo,6.25-7.25,Parpallo 6.25-7.25,24875,917,NA,NA,184,0.201,19,0.021,28,0.031,0.255,3557,3554,NA,3,NA,418,8.18,29.67,-0.2713,39.0041,0.180
Southwest,Spain,S&E Spain,2,Late Pleniglacial,Upper Magdalenian,78,Parpallo,TALUT ± 1.5-0.00,Parpallo TALUT ± 1.5-0.00,16624,60000,NA,NA,3403,0.057,1039,0.017,1276,0.021,0.680,1729,1727,NA,2,NA,418,8.18,26.56,-0.2713,39.0041,0.039
Northeast,Italy,N Italy,4,Holocene,Recent Mesolithic (Castelnoviano),95,Passo dell'Ospedalaccio,,Passo dell'Ospedalaccio,NA,59,53,1,5,0.085,NA,NA,NA,0.000,NA,NA,NA,NA,NA,NA,1271,32.57,33.56,10.2039,44.3091,NA
Northeast,Italy,N Italy,4,Holocene,Recent Mesolithic (Castelnoviano),96,Passo della Comunella,,Passo della Comunella,NA,812,522,26,79,0.097,14,NA,NA,0.000,NA,NA,NA,NA,NA,NA,1617,34.10,35.98,10.3128,44.2805,NA
Northeast,Italy,N Italy,4,Holocene,Recent Mesolithic (Castelnoviano),97,Passo dello Zovallo,,Passo dello Zovallo,NA,409,222,3,32,0.078,1,NA,NA,0.000,NA,NA,NA,NA,NA,NA,1535,30.34,30.83,9.5113,44.5511,NA
Northeast,Italy,NE Italy,3,End Glacial,Mesolithic,112,Plan de Frea,"3BIV, 3BIII, 3BII, 3BI, 3AII","Plan de Frea 3BIV, 3BIII, 3BII, 3BI, 3AII",10850,537,148,22,366,0.682,125,NA,NA,0.000,NA,200,NA,NA,NA,NA,1714,116.19,250.35,11.4200,46.3400,NA
Northeast,Italy,N Italy,4,Holocene,Recent Mesolithic (Castelnoviano),98,Podere Camponi,,Podere Camponi,NA,548,57,37,21,0.038,0,NA,NA,0.000,NA,NA,NA,NA,NA,NA,104,68.13,78.63,11.4279,44.4407,NA
Southeast,Italy,Central Italy,3,End Glacial,Final Epigravettian,116,Polesini,7 (2010 dig),Polesini 7 2010 dig,11759,4386,3689,114,583,0.133,170,NA,NA,0.000,NA,NA,NA,NA,NA,NA,229,46.70,54.92,12.8039,41.9584,NA
Southeast,Italy,S Italy,3,End Glacial,Final Epigravettian,53,Pozzo,IV,Pozzo IV,NA,2418,2149,7,262,0.108,92,0.038,NA,NA,NA,NA,401,134,11,0.750,823,71.33,82.31,13.6677,41.9716,0.070
Southeast,Italy,S Italy,2,Late Pleniglacial,Early Epigravettian,53,Pozzo,Outside,Pozzo Outside,NA,442,351,3,88,0.199,18,0.041,NA,NA,NA,NA,24,11,1,0.686,823,71.33,87.89,13.6677,41.9716,0.158
Southeast,Italy,S Italy,4,Holocene,Sauveterrian,53,Pozzo,VI,Pozzo VI,NA,459,348,5,106,0.231,25,0.054,NA,NA,NA,NA,NA,NA,NA,NA,823,71.33,75.38,13.6677,41.9716,0.176
Northeast,Italy,N Italy,4,Holocene,Recent Mesolithic (Castelnoviano),99,Prato Grande,,Prato Grande,NA,709,428,15,27,0.038,NA,NA,NA,0.000,NA,NA,NA,NA,NA,NA,1630,29.95,30.47,9.4983,44.5526,NA
Northeast,Italy,N Italy,4,Holocene,Recent Mesolithic (Castelnoviano),100,Riola,,Riola,NA,1783,1018,226,217,0.122,17,NA,NA,0.000,NA,NA,NA,NA,NA,NA,38,62.37,72.92,11.4893,44.4834,NA
Northeast,Italy,NE Italy,2,Late Pleniglacial,Upper Paleolithic,45,Riparo Dalmeri,26c-14,Riparo Dalmeri 26c-14,NA,NA,NA,NA,NA,NA,NA,NA,NA,NA,NA,57978,10385,20,110,0.998,1231,77.13,222.79,11.6017,45.9951,NA
Northeast,Italy,NE Italy,2,Late Pleniglacial,Epigravettian,47,Riparo di Biarzo,5a,Riparo di Biarzo 5a,NA,NA,NA,NA,NA,NA,NA,NA,NA,NA,NA,57,57,0,0,1.000,160,36.07,107.17,13.5183,46.1186,NA
Northeast,Italy,NE Italy,2,Late Pleniglacial,Epigravettian,47,Riparo di Biarzo,5b,Riparo di Biarzo 5b,NA,NA,NA,NA,NA,NA,NA,NA,NA,NA,NA,108,108,0,0,1.000,160,36.07,107.17,13.5183,46.1186,NA
Northeast,Italy,NE Italy,2,Late Pleniglacial,Epigravettian,47,Riparo di Biarzo,5c,Riparo di Biarzo 5c,NA,NA,NA,NA,NA,NA,NA,NA,NA,NA,NA,334,334,0,0,1.000,160,36.07,107.17,13.5183,46.1186,NA
Northeast,Italy,NE Italy,4,Holocene,Sauveterriano,44,Riparo la Cogola,US16,Riparo la Cogola US16,NA,NA,NA,NA,NA,NA,NA,NA,NA,NA,NA,2425,47,5,5,0.904,1856,98.93,118.29,11.1856,45.9717,NA
Northeast,Italy,NE Italy,4,Holocene,Sauveterriano,44,Riparo la Cogola,US17,Riparo la Cogola US17,NA,NA,NA,NA,NA,NA,NA,NA,NA,NA,NA,82,8,0,1,1.000,1856,98.93,118.29,11.1856,45.9717,NA
Northeast,Italy,NE Italy,3,End Glacial,Epigravettian_Sauveterriano,44,Riparo la Cogola,US18,Riparo la Cogola US18,NA,NA,NA,NA,NA,NA,NA,NA,NA,NA,NA,4757,86,8,21,0.915,1856,98.93,233.58,11.1856,45.9717,NA
Northeast,Italy,NE Italy,3,End Glacial,Late epigravettian,44,Riparo la Cogola,US19,Riparo la Cogola US19,NA,NA,NA,NA,NA,NA,NA,NA,NA,NA,NA,5077,168,17,18,0.908,1856,98.93,233.58,11.1856,45.9717,NA
Northeast,Italy,NE Italy,3,End Glacial,Epigravettian_Sauveterriano,44,Riparo la Cogola,US25,Riparo la Cogola US25,NA,NA,NA,NA,NA,NA,NA,NA,NA,NA,NA,254,18,1,4,0.947,1856,98.93,233.58,11.1856,45.9717,NA
Northeast,Italy,NW Italy,3,End Glacial,Late Epigravettian,48,Riparo Mochi,A,Riparo Mochi A,NA,717,563,NA,154,0.215,NA,NA,NA,NA,NA,NA,NA,NA,NA,NA,209,0.36,1.98,7.4615,43.7645,NA
Northeast,Italy,NW Italy,1,LGM,Gravettian,48,Riparo Mochi,D Base,Riparo Mochi D Base,NA,4633,4224,89,320,0.069,202,0.044,NA,NA,NA,NA,NA,NA,NA,NA,209,0.36,3.31,7.4615,43.7645,0.025
Northeast,Italy,NW Italy,1,LGM,Gravettian,48,Riparo Mochi,D I,Riparo Mochi D I,NA,197,181,3,13,0.066,8,0.041,NA,NA,NA,NA,NA,NA,NA,NA,209,0.36,3.31,7.4615,43.7645,0.025
Northeast,Italy,NW Italy,1,LGM,Gravettian,48,Riparo Mochi,D II,Riparo Mochi D II,NA,576,533,10,33,0.057,15,0.026,NA,NA,NA,NA,NA,NA,NA,NA,209,0.36,3.31,7.4615,43.7645,0.031
Northeast,Italy,NW Italy,1,LGM,Gravettian,48,Riparo Mochi,D III,Riparo Mochi D III,NA,2359,2165,45,149,0.063,60,0.025,NA,NA,NA,NA,NA,NA,NA,NA,209,0.36,3.31,7.4615,43.7645,0.038
Northeast,Italy,NW Italy,1,LGM,Gravettian,48,Riparo Mochi,D IV,Riparo Mochi D IV,NA,9400,8462,219,719,0.076,320,0.034,NA,NA,NA,NA,NA,NA,NA,NA,209,0.36,3.31,7.4615,43.7645,0.042
Northeast,Italy,NE Italy,4,Holocene,Early Mesolithic,42,Riparo Soman,E-Meso,Riparo Soman E-Meso,NA,NA,NA,NA,NA,NA,NA,NA,NA,NA,NA,185,161,13,6,0.925,120,104.31,123.44,10.8377,45.5813,NA
Northeast,Italy,NE Italy,4,Holocene,Epigravettian_Mesolithic,42,Riparo Soman,Epi-Meso,Riparo Soman Epi-Meso,NA,NA,NA,NA,NA,NA,NA,NA,NA,NA,NA,208,191,13,3,0.936,120,104.31,123.44,10.8377,45.5813,NA
Northeast,Italy,NE Italy,3,End Glacial,Late Epigravettian,42,Riparo Soman,I,Riparo Soman I,13900,NA,NA,NA,NA,NA,NA,NA,NA,NA,NA,497,464,5,22,0.989,120,104.31,185.64,10.8377,45.5813,NA
Northeast,Italy,NE Italy,3,End Glacial,Late Epigravettian,42,Riparo Soman,II,Riparo Soman II,NA,NA,NA,NA,NA,NA,NA,NA,NA,NA,NA,377,352,2,18,0.994,120,104.31,185.64,10.8377,45.5813,NA
Northeast,Italy,NE Italy,4,Holocene,Late Mesolithic,42,Riparo Soman,L-Meso,Riparo Soman L-Meso,NA,NA,NA,NA,NA,NA,NA,NA,NA,NA,NA,33,31,0,1,1.000,120,104.31,123.44,10.8377,45.5813,NA
Northeast,Italy,NE Italy,2,Late Pleniglacial,Upper Paleolithic,43,Riparo Tagliente,1-3b,Riparo Tagliente 1-3b,NA,NA,NA,NA,NA,NA,NA,NA,NA,NA,NA,161,161,0,0,1.000,232,90.57,191.48,11.0056,45.5403,NA
Northeast,Italy,NE Italy,2,Late Pleniglacial,Upper Paleolithic,43,Riparo Tagliente,10-10e,Riparo Tagliente 10-10e,15478,NA,NA,NA,NA,NA,NA,NA,NA,NA,NA,379,379,0,0,1.000,232,90.57,191.48,11.0056,45.5403,NA
Northeast,Italy,NE Italy,2,Late Pleniglacial,Upper Paleolithic,43,Riparo Tagliente,11-12,Riparo Tagliente 11-12,NA,NA,NA,NA,NA,NA,NA,NA,NA,NA,NA,101,101,0,0,1.000,232,90.57,191.48,11.0056,45.5403,NA
Northeast,Italy,NE Italy,2,Late Pleniglacial,Upper Paleolithic,43,Riparo Tagliente,13-15,Riparo Tagliente 13-15,14278,NA,NA,NA,NA,NA,NA,NA,NA,NA,NA,174,174,0,0,1.000,232,90.57,191.48,11.0056,45.5403,NA
Northeast,Italy,NE Italy,2,Late Pleniglacial,Upper Paleolithic,43,Riparo Tagliente,16-17,Riparo Tagliente 16-17,16102,NA,NA,NA,NA,NA,NA,NA,NA,NA,NA,91,91,0,0,1.000,232,90.57,191.48,11.0056,45.5403,NA
Northeast,Italy,NE Italy,2,Late Pleniglacial,Upper Paleolithic,43,Riparo Tagliente,4-4b,Riparo Tagliente 4-4b,NA,NA,NA,NA,NA,NA,NA,NA,NA,NA,NA,39,39,0,0,1.000,232,90.57,191.48,11.0056,45.5403,NA
Northeast,Italy,NE Italy,2,Late Pleniglacial,Upper Paleolithic,43,Riparo Tagliente,5-7b,Riparo Tagliente 5-7b,NA,NA,NA,NA,NA,NA,NA,NA,NA,NA,NA,335,335,0,0,1.000,232,90.57,191.48,11.0056,45.5403,NA
Northeast,Italy,NE Italy,2,Late Pleniglacial,Upper Paleolithic,43,Riparo Tagliente,8-9,Riparo Tagliente 8-9,14171,NA,NA,NA,NA,NA,NA,NA,NA,NA,NA,452,452,0,0,1.000,232,90.57,191.48,11.0056,45.5403,NA
Northeast,Italy,NE Italy,2,Late Pleniglacial,Epigravettian,121,Roccarazzo,,Roccarazzo,NA,849,644,28,177,0.208,50,NA,NA,0.000,NA,NA,NA,NA,NA,NA,181,61.03,64.09,8.2845,44.8723,NA
N Central,France,Languedoc,1,LGM,Early Salpêtrian,23,Salpetriere,18-7,Salpetriere 18-7,NA,NA,NA,NA,NA,NA,NA,NA,NA,NA,NA,112,8,3,0,0.727,27,53.65,86.78,4.5641,43.9396,NA
N Central,France,Languedoc,1,LGM,Solutrean,23,Salpetriere,24,Salpetriere 24,NA,NA,NA,NA,NA,NA,NA,NA,NA,NA,NA,58,4,1,0,0.800,27,53.65,86.78,4.5641,43.9396,NA
N Central,France,Languedoc,1,LGM,Pontigardian,23,Salpetriere,30A,Salpetriere 30A,24572,NA,NA,NA,NA,NA,NA,NA,NA,NA,NA,1576,42,10,2,0.808,27,53.65,86.78,4.5641,43.9396,NA
N Central,France,Languedoc,2,Late Pleniglacial,Upper Magdalenian/ Upper Salpetrian,23,Salpetriere,4-3,Salpetriere 4-3,15632,NA,NA,NA,NA,NA,NA,NA,NA,NA,NA,1420,7,21,0,0.250,27,53.65,76.96,4.5641,43.9396,NA
N Central,France,Languedoc,1,LGM,Early Salpêtrian,23,Salpetriere,5,Salpetriere 5,21641,NA,NA,NA,NA,NA,NA,NA,NA,NA,NA,574,8,10,0,0.444,27,53.65,86.78,4.5641,43.9396,NA
N Central,France,Languedoc,2,Late Pleniglacial,Upper Magdalenian/ Upper Salpetrian,23,Salpetriere,5-4,Salpetriere 5-4,NA,NA,NA,NA,NA,NA,NA,NA,NA,NA,NA,28,4,2,0,0.667,27,53.65,76.96,4.5641,43.9396,NA
N Central,France,Languedoc,1,LGM,Early Salpêtrian,23,Salpetriere,6,Salpetriere 6,23482,3500,NA,32,363,0.104,110,0.031,NA,NA,NA,428,20,8,1,0.714,27,53.65,86.78,4.5641,43.9396,0.072
N Central,France,Languedoc,2,Late Pleniglacial,Upper Magdalenian/ Upper Salpetrian,23,Salpetriere,"6, 2-1","Salpetriere 6, 2-1",NA,NA,NA,NA,NA,NA,NA,NA,NA,NA,NA,339,6,6,2,0.500,27,53.65,76.96,4.5641,43.9396,NA
N Central,France,Languedoc,1,LGM,Solutrean,23,Salpetriere,E,Salpetriere E,26630,NA,NA,NA,NA,NA,NA,NA,NA,NA,NA,57,8,1,1,0.889,27,53.65,86.78,4.5641,43.9396,NA
N Central,France,Languedoc,1,LGM,Solutrean,23,Salpetriere,I-v,Salpetriere I-V,23052,NA,NA,NA,NA,NA,NA,NA,NA,NA,NA,2712,98,6,2,0.942,27,53.65,86.78,4.5641,43.9396,NA
Northeast,Italy,N Italy,4,Holocene,Recent Mesolithic (Castelnoviano),101,Santa Barbara,,Santa Barbara,NA,63,34,2,8,0.127,NA,NA,NA,0.000,NA,NA,NA,NA,NA,NA,1150,46.37,47.07,9.4606,44.7314,NA
Southwest,Spain,S&E Spain,4,Holocene,Mesolithic Notches-denticulates,79,Santa Maira,SM 3,Santa Maira SM 3,9870,1404,1024,NA,200,0.142,32,0.023,11,0.008,0.215,1475,500,950,25,0.345,596,20.37,21.33,-0.2151,38.7303,0.120
Southwest,Spain,S&E Spain,3,End Glacial,Magdalenian,79,Santa Maira,SM 5,Santa Maira SM 5,13438,2645,305,NA,482,0.182,208,0.079,32,0.012,0.498,1929,728,1186,15,0.380,596,20.37,24.51,-0.2151,38.7303,0.104
Southeast,Italy,S Italy,3,End Glacial,Final Epigravettian,120,Santa Maria,,Santa Maria,NA,433,53,17,229,0.529,30,NA,NA,0.000,NA,NA,NA,NA,NA,NA,115,5.41,8.64,17.6174,40.7329,NA
Northeast,Italy,N Italy,4,Holocene,Recent Mesolithic (Castelnoviano),102,Sasso Fratto,,Sasso Fratto,NA,382,353,13,16,0.042,3,0.008,NA,0.000,NA,NA,NA,NA,NA,NA,1706,35.56,39.64,10.4209,44.2407,NA
N Central,France,Languedoc,3,End Glacial,Epipaleolithic,22,Saut du Loup,I,Saut du Loup I,NA,NA,NA,NA,NA,NA,NA,NA,NA,NA,NA,9195,9,234,3,0.037,292,96.42,115.62,4.5349,44.3659,NA
N Central,France,Languedoc,3,End Glacial,Epipaleolithic,22,Saut du Loup,II,Saut du Loup II,13924,NA,NA,NA,NA,NA,NA,NA,NA,NA,NA,5265,10,146,3,0.064,292,96.42,115.62,4.5349,44.3659,NA
N Central,France,Languedoc,3,End Glacial,Epipaleolithic,22,Saut du Loup,III,Saut du Loup III,13608,NA,NA,NA,NA,NA,NA,NA,NA,NA,NA,19453,11,524,5,0.021,292,96.42,115.62,4.5349,44.3659,NA
Southeast,Italy,S Italy,3,End Glacial,Epipaleolithic,52,Serratura,4,Serratura 4,11605,180,126,7,47,0.261,1,0.006,NA,NA,NA,NA,104,0,3,1.000,64,0.12,0.68,15.4211,39.9938,0.256
Southeast,Italy,S Italy,3,End Glacial,Epipaleolithic,52,Serratura,5,Serratura 5,11182,712,507,81,124,0.174,3,0.004,NA,NA,NA,NA,368,0,39,1.000,64,0.12,0.68,15.4211,39.9938,0.170
Southeast,Italy,S Italy,3,End Glacial,Sauveterrian,52,Serratura,6,Serratura 6,11182,375,333,11,31,0.083,11,0.029,NA,NA,NA,NA,34,0,4,1.000,64,0.12,0.68,15.4211,39.9938,0.053
Southeast,Italy,S Italy,3,End Glacial,Sauveterrian,52,Serratura,7,Serratura 7,11700,547,488,18,41,0.075,19,0.035,NA,NA,NA,NA,80,0,15,1.000,64,0.12,0.68,15.4211,39.9938,0.040
Southeast,Italy,S Italy,3,End Glacial,Epigravettian-Mesolithic,52,Serratura,8A,Serratura 8A,13390,338,291,14,33,0.098,16,0.047,NA,NA,NA,NA,32,0,6,1.000,64,0.12,0.68,15.4211,39.9938,0.050
Southeast,Italy,S Italy,3,End Glacial,Epigravettian-Mesolithic,52,Serratura,8B,Serratura 8B,13390,625,534,32,59,0.094,30,0.048,NA,NA,NA,NA,131,0,12,1.000,64,0.12,0.68,15.4211,39.9938,0.046
Southeast,Italy,S Italy,3,End Glacial,Final Epigravettian,52,Serratura,8C,Serratura 8C,13390,456,347,33,76,0.167,33,0.072,NA,NA,NA,NA,166,0,60,1.000,64,0.12,0.68,15.4211,39.9938,0.094
Southeast,Italy,S Italy,3,End Glacial,Final Epigravettian,52,Serratura,8D,Serratura 8D,13390,610,453,40,117,0.192,12,0.020,NA,NA,NA,NA,NA,NA,NA,NA,64,0.12,0.68,15.4211,39.9938,0.172
Southeast,Italy,Central Italy,2,Late Pleniglacial,Epigravettian,117,Settecannelle,10,Settecannelle 10,14526,1799,1445,37,317,0.176,NA,NA,NA,0.000,NA,NA,NA,NA,NA,NA,383,27.99,40.47,11.7550,42.5451,NA
Southeast,Italy,Central Italy,2,Late Pleniglacial,Epigravettian,117,Settecannelle,11,Settecannelle 11,NA,145,106,0,39,0.269,NA,NA,NA,0.000,NA,NA,NA,NA,NA,NA,383,27.99,40.47,11.7550,42.5451,NA
Southeast,Italy,Central Italy,2,Late Pleniglacial,Epigravettian,117,Settecannelle,"12, 14","Settecannelle 12, 14",18998,846,719,14,113,0.134,33,NA,NA,0.000,NA,NA,NA,NA,NA,NA,383,27.99,40.47,11.7550,42.5451,NA
Southeast,Italy,Central Italy,1,LGM,Epigravettian,117,Settecannelle,15 - 17,Settecannelle 15 - 17,19776,1429,1276,13,140,0.098,46,NA,NA,0.000,NA,NA,NA,NA,NA,NA,383,27.99,44.23,11.7550,42.5451,NA
Southeast,Italy,Central Italy,3,End Glacial,Epigravettian,117,Settecannelle,8,Settecannelle 8,13417,246,197,0,49,0.199,NA,NA,NA,0.000,NA,NA,NA,NA,NA,NA,383,27.99,36.33,11.7550,42.5451,NA
N Central,France,Provence,3,End Glacial,Epipaleolithic,33,Soubeyras,C2,Soubeyras C2,NA,NA,NA,NA,NA,NA,NA,NA,NA,NA,NA,74,10,10,1,0.500,182,48.97,55.01,5.2050,43.8350,NA
N Central,France,Provence,3,End Glacial,Epipaleolithic,33,Soubeyras,C3a,Soubeyras C3a,NA,NA,NA,NA,NA,NA,NA,NA,NA,NA,NA,1146,2,58,0,0.033,182,48.97,55.01,5.2050,43.8350,NA
N Central,France,Provence,3,End Glacial,Epipaleolithic,33,Soubeyras,C3b,Soubeyras C3b,NA,NA,NA,NA,NA,NA,NA,NA,NA,NA,NA,15,5,0,1,1.000,182,48.97,55.01,5.2050,43.8350,NA
Northeast,Italy,N Italy,4,Holocene,Recent Mesolithic (Castelnoviano),103,Stanga,,Stanga,NA,1385,1030,164,191,0.138,2,NA,NA,0.000,NA,NA,NA,NA,NA,NA,44,63.63,74.25,11.4760,44.4728,NA
Northeast,Italy,NW Italy,4,Holocene,Pal sup-Neolithic,50,Stefanin,III,Stefanin III,NA,NA,NA,0,70,NA,2,NA,NA,NA,NA,4411,1221,7,85,0.994,684,16.64,16.77,8.0181,44.1036,NA
Northeast,Italy,NW Italy,4,Holocene,Late Epigravettian,50,Stefanin,IV,Stefanin IV,9092,NA,NA,0,366,NA,110,NA,NA,NA,NA,3129,1458,7,45,0.995,684,16.64,16.77,8.0181,44.1036,NA
Northeast,Italy,NW Italy,2,Late Pleniglacial,Epigravettian,50,Stefanin,IX,Stefanin IX,NA,33,15,1,17,0.515,6,0.182,NA,NA,NA,94,14,0,0,1.000,684,16.64,18.46,8.0181,44.1036,0.333
Northeast,Italy,NW Italy,4,Holocene,Late Epigravettian,50,Stefanin,V,Stefanin V,9129,NA,NA,0,355,NA,91,NA,NA,NA,NA,5507,1375,12,39,0.991,684,16.64,16.77,8.0181,44.1036,NA
Northeast,Italy,NW Italy,2,Late Pleniglacial,Late Epigravettian,50,Stefanin,VI,Stefanin VI,14969,NA,NA,0,61,NA,21,NA,NA,NA,NA,387,160,1,3,0.994,684,16.64,18.46,8.0181,44.1036,NA
Northeast,Italy,NW Italy,3,End Glacial,Late Epigravettian,50,Stefanin,VII,Stefanin VII,NA,21,15,0,6,0.286,1,0.048,NA,NA,NA,285,176,2,0,0.989,684,16.64,17.56,8.0181,44.1036,0.238
Northeast,Italy,NW Italy,3,End Glacial,Late epigravettian,50,Stefanin,VIII,Stefanin VIII,NA,NA,NA,NA,NA,NA,NA,NA,NA,NA,NA,50,26,0,0,1.000,684,16.64,17.56,8.0181,44.1036,NA
Northeast,Italy,NW Italy,2,Late Pleniglacial,Epigravettian,50,Stefanin,X,Stefanin X,NA,NA,NA,NA,NA,NA,NA,NA,NA,NA,NA,44,18,0,0,1.000,684,16.64,18.46,8.0181,44.1036,NA
Northeast,Italy,NW Italy,2,Late Pleniglacial,Epigravettian,50,Stefanin,XI,Stefanin XI,NA,NA,NA,NA,NA,NA,NA,NA,NA,NA,NA,29,6,0,0,1.000,684,16.64,18.46,8.0181,44.1036,NA
Northeast,Italy,NW Italy,2,Late Pleniglacial,Epigravettian,50,Stefanin,XVI,Stefanin XVI,NA,16,12,1,3,0.188,1,0.063,NA,NA,NA,56,35,0,1,1.000,684,16.64,18.46,8.0181,44.1036,0.125
Northeast,Italy,N Italy,4,Holocene,Recent Mesolithic (Castelnoviano),104,Termini,,Termini,NA,47,42,0,1,0.021,NA,NA,NA,0.000,NA,NA,NA,NA,NA,NA,1316,38.95,39.47,9.5799,44.6126,NA
Northeast,Italy,N Italy,4,Holocene,Sauveterriano_Castelnoviano,105,Torbiera d'Aveio,,Torbiera d'Aveio,NA,510,149,3,20,0.039,6,NA,NA,0.000,NA,NA,NA,NA,NA,NA,1535,30.34,30.83,9.5113,44.5511,NA
Southwest,Spain,Southwest,3,End Glacial,Epipalaeolithic,77,Tossal de la Roca,I,Tossal de la Roca I,10096,3379,NA,NA,204,0.060,64,0.019,3,1.000,,1439,250,1210,1,0.171,1535,22.37,33.30,-0.2797,38.7919,0.041
Southwest,Spain,Southwest,4,Holocene,Mesolithic,77,Tossal de la Roca,I  (ext),Tossal de la Roca I Ext,8327,NA,NA,NA,NA,NA,NA,NA,2,2.000,,36,26,6,4,0.813,1535,22.37,25.00,-0.2797,38.7919,NA
Southwest,Spain,Southwest,3,End Glacial,Mesolithic,77,Tossal de la Roca,II (ext),Tossal de la Roca II Ext,10270,NA,NA,NA,NA,NA,NA,NA,6,3.000,,60,27,26,7,0.509,1535,22.37,33.30,-0.2797,38.7919,NA
Southwest,Spain,S&E Spain,2,Late Pleniglacial,Magdalenian,77,Tossal de la Roca,III,Tossal de la Roca III,16011,5819,NA,NA,296,0.051,117,0.020,0,0.000,0.395,1955,364,1561,1,0.189,1535,22.37,41.29,-0.2797,38.7919,0.031
N Central,France,Languedoc,2,Late Pleniglacial,Middle Magdalenian,13,Tournal,IV a-g,Tournal IV a-g,16601,70,33,11,37,0.529,11,0.157,8,0.114,0.514,6200,6061,75,64,0.988,212,26.77,57.52,2.8833,43.3167,0.371
Northeast,Italy,NE Italy,2,Late Pleniglacial,Epigravettian,113,Tschonstoan Rock Shelter,,Tschonstoan Rock Shelter,NA,181,79,1,64,0.354,43,NA,NA,0.000,NA,NA,NA,NA,NA,NA,514,78.08,214.53,11.7644,46.0845,NA
Northeast,Italy,NE Italy,2,Late Pleniglacial,Epigravettian,114,Val Lastari,"3A, 3B, 3C, 3D, 3E, SIII, SIV, SV",Val Lastari,NA,1881,466,764,651,0.346,388,NA,NA,0.000,NA,NA,NA,NA,NA,NA,826,62.02,216.39,11.6055,45.7982,NA
N Central,France,Languedoc,3,End Glacial,Epipaleolithic,19,Valorgues,10-9,Valorgues 10-9,12644,NA,NA,NA,111,NA,42,NA,NA,NA,NA,134,8,0,2,1.000,114,60.75,79.51,4.4406,44.0453,NA
N Central,France,Languedoc,2,Late Pleniglacial,Epipaleolithic,19,Valorgues,14-11,Valorgues 14-11,14200,NA,NA,NA,176,NA,100,NA,NA,NA,NA,187,11,1,2,0.917,114,60.75,90.00,4.4406,44.0453,NA
N Central,France,Languedoc,3,End Glacial,Epipaleolithic,19,Valorgues,18-15,Valorgues 18-15,13078,NA,NA,NA,70,NA,23,NA,NA,NA,NA,30,4,0,1,1.000,114,60.75,79.51,4.4406,44.0453,NA
N Central,France,Languedoc,2,Late Pleniglacial,Upper Magdalenian/ Upper Salpetrian,19,Valorgues,19,Valorgues 19,NA,NA,NA,NA,NA,NA,NA,NA,NA,NA,NA,25,3,0,0,1.000,114,60.75,90.00,4.4406,44.0453,NA
N Central,France,Languedoc,3,End Glacial,Epipaleolithic,19,Valorgues,7,Valorgues 7,NA,NA,NA,NA,NA,NA,NA,NA,NA,NA,NA,5,3,1,0,0.750,114,60.75,79.51,4.4406,44.0453,NA
N Central,France,Languedoc,3,End Glacial,Epipaleolithic,19,Valorgues,8,Valorgues 8,12885,NA,NA,NA,241,NA,102,NA,NA,NA,NA,95,9,1,2,0.900,114,60.75,79.51,4.4406,44.0453,NA
N Central,France,Provence,4,Holocene,Mesolithic,38,Vauloubeau,A,Vauloubeau A,NA,NA,NA,NA,NA,NA,NA,NA,NA,NA,NA,26,5,9,1,0.357,363,64.92,65.56,5.3860,43.9440,NA
N Central,France,Provence,4,Holocene,Mesolithic,38,Vauloubeau,CeB,Vauloubeau CeB,NA,NA,NA,NA,NA,NA,NA,NA,NA,NA,NA,83,3,34,1,0.081,363,64.92,65.56,5.3860,43.9440,NA
N Central,France,Provence,4,Holocene,Mesolithic,38,Vauloubeau,D,Vauloubeau D,NA,NA,NA,NA,NA,NA,NA,NA,NA,NA,NA,48,4,15,0,0.211,363,64.92,65.56,5.3860,43.9440,NA
Northeast,Italy,NE Italy,2,Late Pleniglacial,Epigravettian,106,Villabruna A,16 (13-9) (6-4),Villabruna A 16 13-9 6-4,14071,215,NA,21,188,0.874,88,NA,NA,0.000,NA,NA,NA,NA,NA,NA,740,65.21,211.82,11.7161,45.9221,NA
Northeast,Italy,NE Italy,2,Late Pleniglacial,Epigravettian,107,Villabruna C,4,Villabruna C 4,NA,45,NA,5,40,0.889,30,NA,NA,0.000,NA,NA,NA,NA,NA,NA,740,65.21,211.82,11.7161,45.9221,NA